reseller_id,name,contact_email,country,created_at,updated_at
1,Golden Group,johnsonsteven@harris.com,Kenya,2025-08-15 19:40:36,2025-10-28 19:40:36
2,"Payne, Jones and Stafford",olee@cook.com,Saudi Arabia,2025-10-19 19:40:36,2025-10-12 19:40:36
3,Parker-Jones,qgarcia@gonzalez-mitchell.com,Syrian Arab Republic,2025-10-26 19:40:36,2025-11-03 19:40:36
4,Velasquez-Miles,lynnjoshua@foster.com,Syrian Arab Republic,2025-09-29 19:40:36,2025-10-08 19:40:36
5,Garcia-Jones,erichouse@moore-collins.com,Ukraine,2025-10-05 19:40:36,2025-10-22 19:40:36
6,Sanchez PLC,richard84@terry.biz,Slovenia,2025-10-01 19:40:36,2025-10-18 19:40:36
7,Morrison-Burns,kelliobrien@taylor.com,Guyana,2025-10-09 19:40:36,2025-10-25 19:40:36
8,"Anderson, Berg and Pineda",ecastaneda@robertson-burke.com,Ukraine,2025-10-14 19:40:36,2025-10-19 19:40:36
9,Solis-Diaz,melissaburns@garrett-hill.com,Heard Island and McDonald Islands,2025-10-31 19:40:36,2025-10-27 19:40:36
10,Lloyd PLC,erinluna@carter.com,Burundi,2025-08-26 19:40:36,2025-10-19 19:40:36
11,Barrera LLC,ecastillo@smith-bennett.com,Canada,2025-10-10 19:40:36,2025-10-23 19:40:36
12,Jenkins PLC,gvalenzuela@davis.net,Greenland,2025-10-23 19:40:36,2025-10-25 19:40:36
13,Meza Group,brian39@mcmillan-lynch.biz,Romania,2025-10-17 19:40:36,2025-10-25 19:40:36
14,Lee-Wilson,theresasmith@knight-miranda.com,Romania,2025-11-03 19:40:36,2025-10-17 19:40:36
15,Morrison-Mercer,richard52@craig.org,Nauru,2025-10-23 19:40:36,2025-10-10 19:40:36
16,Haas-King,jessicarosario@diaz.org,Cuba,2025-10-01 19:40:36,2025-10-15 19:40:36
17,Blevins-Martinez,tjackson@soto-hodges.com,Falkland Islands (Malvinas),2025-08-12 19:40:36,2025-11-02 19:40:36
18,"Reid, Richardson and Gross",leetravis@gross-wyatt.info,Austria,2025-09-28 19:40:36,2025-10-17 19:40:36
19,Owen-Hill,christopherholt@solis.com,Switzerland,2025-10-18 19:40:36,2025-10-21 19:40:36
20,Mclean PLC,williamsmary@evans-freeman.com,Cameroon,2025-09-13 19:40:36,2025-10-10 19:40:36
21,"Taylor, Brown and Hanson",thomas05@durham-powell.net,Niue,2025-08-11 19:40:36,2025-10-29 19:40:36
22,Hines-Bryant,timothyjacobs@powell-boyd.com,Bahrain,2025-09-23 19:40:36,2025-10-11 19:40:36
23,"Poole, Patel and Holt",trevinocarmen@pugh-rios.com,El Salvador,2025-08-13 19:40:36,2025-11-01 19:40:36
24,Morgan-French,richmondterri@jones-sanchez.net,Kuwait,2025-09-16 19:40:36,2025-10-20 19:40:36
25,Nelson LLC,yprice@green.com,Guatemala,2025-09-03 19:40:36,2025-10-18 19:40:36
26,Moore-Walker,brandondiaz@castro-benton.com,France,2025-08-09 19:40:36,2025-10-19 19:40:36
27,"Adams, Keller and Kline",todd51@miller.com,Egypt,2025-10-15 19:40:36,2025-10-23 19:40:36
28,"Roberts, Smith and Jones",jason33@shepard-mcneil.org,Nicaragua,2025-09-05 19:40:36,2025-10-25 19:40:36
29,"Daugherty, Harris and Novak",nrivera@malone.biz,Vietnam,2025-09-06 19:40:36,2025-10-21 19:40:36
30,"Martinez, Smith and Patel",amanda96@love.net,Sudan,2025-08-30 19:40:36,2025-11-06 19:40:36
31,"Davenport, Dunn and Tran",amyers@ruiz-glass.biz,Singapore,2025-08-26 19:40:36,2025-10-10 19:40:36
32,"Parker, Blair and Chandler",thomas72@davis.org,South Africa,2025-10-30 19:40:36,2025-10-30 19:40:36
33,Johnson Group,danamartin@wood.net,Ethiopia,2025-10-16 19:40:36,2025-10-23 19:40:36
34,Acevedo-Carter,simsjonathan@higgins.com,Oman,2025-08-15 19:40:36,2025-10-14 19:40:36
35,"Cruz, Hernandez and White",wilkinsmichael@lopez-stein.com,Mayotte,2025-09-23 19:40:36,2025-10-24 19:40:36
36,"Cruz, Lawson and Thompson",gonzaleztheresa@malone.com,Mauritania,2025-08-18 19:40:36,2025-10-25 19:40:36
37,Lee Group,andreawebster@burgess.com,Czech Republic,2025-10-04 19:40:36,2025-10-31 19:40:36
38,Carter-Rodriguez,canderson@stewart.com,Slovenia,2025-08-27 19:40:36,2025-10-08 19:40:36
39,"Martinez, Miller and Johnson",bankskelsey@williams-andrews.com,South Africa,2025-10-10 19:40:36,2025-10-20 19:40:36
40,Patel LLC,evanselizabeth@mitchell.biz,Slovenia,2025-10-26 19:40:36,2025-11-03 19:40:36
41,Keith LLC,rodriguezregina@anderson.biz,Aruba,2025-09-12 19:40:36,2025-10-19 19:40:36
42,Collins-Rollins,justinconley@richardson-richards.com,Montenegro,2025-09-27 19:40:36,2025-10-25 19:40:36
43,"Morris, Anderson and Anderson",craigelliott@gray.com,Serbia,2025-08-31 19:40:36,2025-11-01 19:40:36
44,Silva-Day,flee@baxter-hendrix.info,Paraguay,2025-08-25 19:40:36,2025-10-27 19:40:36
45,Shaw Ltd,regina96@perez-smith.com,Thailand,2025-10-17 19:40:36,2025-10-30 19:40:36
46,Wilson PLC,royturner@davis-lee.com,Ukraine,2025-08-23 19:40:36,2025-10-10 19:40:36
47,Thomas-Collins,staylor@macias.net,Panama,2025-10-18 19:40:36,2025-10-31 19:40:36
48,"Dixon, Morrison and Goodwin",tsantana@coleman.net,Spain,2025-10-25 19:40:36,2025-10-28 19:40:36
49,Davis-Sanchez,emilypope@stokes-mcmahon.com,Anguilla,2025-09-19 19:40:36,2025-10-30 19:40:36
50,Barnett Ltd,turnerkatie@fox-marquez.com,Ukraine,2025-09-02 19:40:36,2025-11-04 19:40:36
